name,floor,ac,capacity,room_type,verified,verification_note,ac_note,source
BIO DSP LAB-108,,,,classroom/lab (verify),false,The supplied timetable PDFs do not state the floor. Enter verified floor metadata here.,The supplied timetable PDFs do not state AC/non-AC. Enter verified value here.,uploaded timetable PDFs
"DLMS/EEC-107,309",,,,classroom/lab (verify),false,The supplied timetable PDFs do not state the floor. Enter verified floor metadata here.,The supplied timetable PDFs do not state AC/non-AC. Enter verified value here.,uploaded timetable PDFs
G-401,Ground,,,classroom/lab (verify),false,Floor inferred from G- prefix; verify before treating as official.,The supplied timetable PDFs do not state AC/non-AC. Enter verified value here.,uploaded timetable PDFs
G-602,Ground,,,classroom/lab (verify),false,Floor inferred from G- prefix; verify before treating as official.,The supplied timetable PDFs do not state AC/non-AC. Enter verified value here.,uploaded timetable PDFs
G-625,Ground,,,classroom/lab (verify),false,Floor inferred from G- prefix; verify before treating as official.,The supplied timetable PDFs do not state AC/non-AC. Enter verified value here.,uploaded timetable PDFs
H-TB-106,,,,classroom/lab (verify),false,The supplied timetable PDFs do not state the floor. Enter verified floor metadata here.,The supplied timetable PDFs do not state AC/non-AC. Enter verified value here.,uploaded timetable PDFs
I-108,,,,classroom/lab (verify),false,The supplied timetable PDFs do not state the floor. Enter verified floor metadata here.,The supplied timetable PDFs do not state AC/non-AC. Enter verified value here.,uploaded timetable PDFs
"IST 20,21",,,,classroom/lab (verify),false,The supplied timetable PDFs do not state the floor. Enter verified floor metadata here.,The supplied timetable PDFs do not state AC/non-AC. Enter verified value here.,uploaded timetable PDFs
IST 201,,,,classroom/lab (verify),false,The supplied timetable PDFs do not state the floor. Enter verified floor metadata here.,The supplied timetable PDFs do not state AC/non-AC. Enter verified value here.,uploaded timetable PDFs
IST 211,,,,classroom/lab (verify),false,The supplied timetable PDFs do not state the floor. Enter verified floor metadata here.,The supplied timetable PDFs do not state AC/non-AC. Enter verified value here.,uploaded timetable PDFs
IST 225,,,,classroom/lab (verify),false,The supplied timetable PDFs do not state the floor. Enter verified floor metadata here.,The supplied timetable PDFs do not state AC/non-AC. Enter verified value here.,uploaded timetable PDFs
IST 227,,,,classroom/lab (verify),false,The supplied timetable PDFs do not state the floor. Enter verified floor metadata here.,The supplied timetable PDFs do not state AC/non-AC. Enter verified value here.,uploaded timetable PDFs
IST 411,,,,classroom/lab (verify),false,The supplied timetable PDFs do not state the floor. Enter verified floor metadata here.,The supplied timetable PDFs do not state AC/non-AC. Enter verified value here.,uploaded timetable PDFs
IST 416,,,,classroom/lab (verify),false,The supplied timetable PDFs do not state the floor. Enter verified floor metadata here.,The supplied timetable PDFs do not state AC/non-AC. Enter verified value here.,uploaded timetable PDFs
IST 502,,,,classroom/lab (verify),false,The supplied timetable PDFs do not state the floor. Enter verified floor metadata here.,The supplied timetable PDFs do not state AC/non-AC. Enter verified value here.,uploaded timetable PDFs
IST 510,,,,classroom/lab (verify),false,The supplied timetable PDFs do not state the floor. Enter verified floor metadata here.,The supplied timetable PDFs do not state AC/non-AC. Enter verified value here.,uploaded timetable PDFs
IST 510 / IST 520,,,,classroom/lab (verify),false,The supplied timetable PDFs do not state the floor. Enter verified floor metadata here.,The supplied timetable PDFs do not state AC/non-AC. Enter verified value here.,uploaded timetable PDFs
IST 518,,,,classroom/lab (verify),false,The supplied timetable PDFs do not state the floor. Enter verified floor metadata here.,The supplied timetable PDFs do not state AC/non-AC. Enter verified value here.,uploaded timetable PDFs
IST 519,,,,classroom/lab (verify),false,The supplied timetable PDFs do not state the floor. Enter verified floor metadata here.,The supplied timetable PDFs do not state AC/non-AC. Enter verified value here.,uploaded timetable PDFs
IST 520,,,,classroom/lab (verify),false,The supplied timetable PDFs do not state the floor. Enter verified floor metadata here.,The supplied timetable PDFs do not state AC/non-AC. Enter verified value here.,uploaded timetable PDFs
IST 602,,,,classroom/lab (verify),false,The supplied timetable PDFs do not state the floor. Enter verified floor metadata here.,The supplied timetable PDFs do not state AC/non-AC. Enter verified value here.,uploaded timetable PDFs
IST 609,,,,classroom/lab (verify),false,The supplied timetable PDFs do not state the floor. Enter verified floor metadata here.,The supplied timetable PDFs do not state AC/non-AC. Enter verified value here.,uploaded timetable PDFs
IST 617,,,,classroom/lab (verify),false,The supplied timetable PDFs do not state the floor. Enter verified floor metadata here.,The supplied timetable PDFs do not state AC/non-AC. Enter verified value here.,uploaded timetable PDFs
IST 618,,,,classroom/lab (verify),false,The supplied timetable PDFs do not state the floor. Enter verified floor metadata here.,The supplied timetable PDFs do not state AC/non-AC. Enter verified value here.,uploaded timetable PDFs
IST 626,,,,classroom/lab (verify),false,The supplied timetable PDFs do not state the floor. Enter verified floor metadata here.,The supplied timetable PDFs do not state AC/non-AC. Enter verified value here.,uploaded timetable PDFs
IST 702,,,,classroom/lab (verify),false,The supplied timetable PDFs do not state the floor. Enter verified floor metadata here.,The supplied timetable PDFs do not state AC/non-AC. Enter verified value here.,uploaded timetable PDFs
IST 710,,,,classroom/lab (verify),false,The supplied timetable PDFs do not state the floor. Enter verified floor metadata here.,The supplied timetable PDFs do not state AC/non-AC. Enter verified value here.,uploaded timetable PDFs
IST 710 / IST 520,,,,classroom/lab (verify),false,The supplied timetable PDFs do not state the floor. Enter verified floor metadata here.,The supplied timetable PDFs do not state AC/non-AC. Enter verified value here.,uploaded timetable PDFs
LAB-108/107,,,,classroom/lab (verify),false,The supplied timetable PDFs do not state the floor. Enter verified floor metadata here.,The supplied timetable PDFs do not state AC/non-AC. Enter verified value here.,uploaded timetable PDFs
LAB-108/309,,,,classroom/lab (verify),false,The supplied timetable PDFs do not state the floor. Enter verified floor metadata here.,The supplied timetable PDFs do not state AC/non-AC. Enter verified value here.,uploaded timetable PDFs
LAB-309/107,,,,classroom/lab (verify),false,The supplied timetable PDFs do not state the floor. Enter verified floor metadata here.,The supplied timetable PDFs do not state AC/non-AC. Enter verified value here.,uploaded timetable PDFs
LAB-IST 108,,,,classroom/lab (verify),false,The supplied timetable PDFs do not state the floor. Enter verified floor metadata here.,The supplied timetable PDFs do not state AC/non-AC. Enter verified value here.,uploaded timetable PDFs
MPMC LAB-107,,,,classroom/lab (verify),false,The supplied timetable PDFs do not state the floor. Enter verified floor metadata here.,The supplied timetable PDFs do not state AC/non-AC. Enter verified value here.,uploaded timetable PDFs
